{"min": [-0.967821, -0.027363, -0.272372], "max": [0.96804, 0.039539, 0.310006]}