{"min": [0.37810102105140686, -0.09176133573055267, 0.3185570240020752, -0.06462562084197998, 0.9887166619300842, -0.10146589577198029, -0.03561026602983475], "max": [0.6588793396949768, 0.0992356538772583, 0.42251402139663696, 0.05340167135000229, 0.9999996423721313, 0.10163044929504395, 0.1497906893491745]}