{"min": [0.3782324194908142, -0.06699255108833313, 0.3185518980026245, -0.0003514092823024839, 0.9347286224365234, -0.0028891153633594513, 0.008597916923463345], "max": [0.6586276292800903, 0.06101749464869499, 0.4565528631210327, 0.011022656224668026, 0.9999628663063049, 0.02265862002968788, 0.3545713424682617]}