{"min": [0.3782324194908142, -0.06690996885299683, 0.31859302520751953, -0.0006234865286387503, 0.9349048733711243, -0.003149879164993763, 0.008624343201518059], "max": [0.6572221517562866, 0.06101749464869499, 0.4565528631210327, 0.011022656224668026, 0.9999628067016602, 0.02265862002968788, 0.3545447885990143]}