{"min": [-0.977772, -0.036392, -0.32647], "max": [0.918457, 0.026231, 0.308037]}